full_name,salary,year
Gareth Bale,31200000,2020
Kevin De Bruyne,20800000,2020
David De Gea,19500000,2020
Raheem Sterling,15600000,2020
N'Golo Kante,15080000,2020
Paul Pogba,15080000,2020
Timo Werner,14144000,2020
Pierre-Emerick Aubameyang,13000000,2020
Edinson Cavani,13000000,2020
Anthony Martial,13000000,2020
Sergio Aguero,11967000,2020
Thomas Partey,10400000,2020
Thiago Alcantara do Nascimento,10400000,2020
Mohamed Salah,10400000,2020
Marcus Rashford,10400000,2020
Harry Kane,10400000,2020
Tanguy Ndombele,10400000,2020
Willian da Silva,10000000,2020
Ben Chilwell,9880000,2020
Alexandre Lacazette,9466673,2020
Roberto Firmino,9360000,2020
Ruben Dias,9013333,2020
Thiago Silva,8580000,2020
Virgil Van Dijk,8580000,2020
Harry Maguire,8464286,2020
Juan Mata,8320000,2020
Bruno Fernandes,8022857,2020
Kepa Arrizabalaga,7800000,2020
Cesar Azpilicueta,7800000,2020
Kai Havertz,7800000,2020
Mateo Kovacic,7800000,2020
Fernandinho Luis Roza,7800000,2020
Bernardo Silva,7800000,2020
Nicolas Pepe,7280000,2020
Jamie Vardy,7280000,2020
Jordan Henderson,7280000,2020
James Milner,7280000,2020
Ilkay Gundogan,7280000,2020
Heung-Min Son,7280000,2020
Christian Pulisic,7150000,2020
Wilfried Zaha,6760000,2020
Kasper Schmeichel,6760000,2020
David Luiz,6535000,2020
Rodrigo Hernandez Cascante,6300000,2020
Jack Grealish,6240000,2020
Callum Hudson-Odoi,6240000,2020
Christian Benteke,6240000,2020
Bernard Anicio Caldeira Duarte,6240000,2020
Yerry Mina,6240000,2020
Naby Keita,6240000,2020
Alex Oxlade-Chamberlain,6240000,2020
Aymeric Laporte,6240000,2020
Riyad Mahrez,6240000,2020
Luke Shaw,6240000,2020
Frederico de Paula Santos,6240000,2020
Victor Lindelof,6240000,2020
Nemanja Matic,6240000,2020
Donny van de Beek,6240000,2020
Leander Dendoncker,6240000,2020
Lucas Digne,6188000,2020
Sebastien Haller,6000000,2020
Conor Townsend,5980000,2020
Andriy Yarmolenko,5980000,2020
Andre Gomes,5835000,2020
Hector Bellerin,5720000,2020
Jorge Luiz Frello Filho,5720000,2020
Olivier Giroud,5720000,2020
James Maddison,5720000,2020
Kyle Walker,5720000,2020
Pierre-Emile Hojbjerg,5300000,2020
Jordan Pickford,5208333,2020
Sead Kolasinac,5200000,2020
Bernd Leno,5200000,2020
Granit Xhaka,5200000,2020
Marcos Alonso,5200000,2020
Antonio Rudiger,5200000,2020
Hakim Ziyech,5200000,2020
Mamadou Sakho,5200000,2020
Gylfi Sigurdsson,5200000,2020
Sadio Mane,5200000,2020
Fabinho Tavares,5200000,2020
John Stones,5200000,2020
Dean Henderson,5200000,2020
Dele Alli,5200000,2020
Hugo Lloris,5200000,2020
Rui Patricio,5200000,2020
Jared Bowen,5000000,2020
Cengiz Under,4900000,2020
Alex Telles,4840000,2020
Nathan Ake,4800000,2020
Ross Barkley,4766667,2020
Adam Lallana,4700000,2020
Diogo Jota,4700000,2020
Gabriel Martinelli,4680000,2020
Michy Batshuayi,4680000,2020
Richarlison de Andrade,4680000,2020
James Rodriguez,4680000,2020
Alisson Becker,4680000,2020
Georginio Wijnaldum,4680000,2020
Gabriel Jesus,4680000,2020
Benjamin Mendy,4680000,2020
Aaron Wan-Bissaka,4680000,2020
Joelinton Cassio Apolinario de Lira,4500000,2020
Pablo Mari,4420000,2020
Kieran Tierney,4200000,2020
Nathaniel Clyne,4200000,2020
Tyrone Mings,4160000,2020
Andreas Christensen,4160000,2020
Mason Mount,4160000,2020
Fabian Delph,4160000,2020
Xherdan Shaqiri,4160000,2020
Joao Cancelo,4160000,2020
Eric Bailly,4160000,2020
Saido Berahino,4160000,2020
Erik Lamela,4160000,2020
Lucas Moura,4160000,2020
Moussa Sissoko,4160000,2020
Fabio Silva,4160000,2020
Ben Godfrey,4000000,2020
Nelson Semedo,4000000,2020
Cedric Soares,3900000,2020
Ollie Watkins,3900000,2020
Abdoulaye Doucoure,3900000,2020
Jean-Philippe Gbamin,3900000,2020
Alphonse Areola,3900000,2020
Onyinye Ndidi,3900000,2020
Dennis Praet,3900000,2020
Trent Alexander-Arnold,3900000,2020
Joe Gomez,3900000,2020
Takumi Minamino,3900000,2020
Mason Greenwood,3900000,2020
Phil Jones,3900000,2020
Jesse Lingard,3900000,2020
Andy Carroll,3900000,2020
Danny Ings,3900000,2020
Steven Bergwijn,3800000,2020
Eric Dier,3755200,2020
Asmir Begovic,3640000,2020
Allan Loureiro,3640000,2020
Seamus Coleman,3640000,2020
Ricardo Pereira,3640000,2020
Sergio Romero,3640000,2020
Jonjo Shelvey,3640000,2020
Ryan Bertrand,3640000,2020
Fraser Forster,3640000,2020
Kevin Wimmer,3640000,2020
Serge Aurier,3640000,2020
Giovani Lo Celso,3640000,2020
Andre Gray,3640000,2020
Michail Antonio,3640000,2020
Manuel Lanzini,3640000,2020
Angelo Ogbonna,3640000,2020
Emerson Palmieri,3510000,2020
Pablo Fornals,3500000,2020
Tomas Soucek,3500000,2020
Andre-Frank Zambo Anguissa,3484000,2020
Issa Diop,3484000,2020
Matt Doherty,3400000,2020
Matty Cash,3380000,2020
Gary Cahill,3380000,2020
Cheikhou Kouyate,3380000,2020
Michael Keane,3380000,2020
Ozan Kabak,3380000,2020
Ederson Moraes,3380000,2020
Brandon Williams,3380000,2020
Mario Lemina,3380000,2020
Davinson Sanchez,3380000,2020
Troy Deeney,3380000,2020
Lukasz Fabianski,3380000,2020
Nathaniel Phillips,3360000,2020
Raphael Belloli,3302000,2020
Timothy Castagne,3276000,2020
Ismaila Sarr,3276000,2020
Scott Dann,3120000,2020
Connor Wickham,3120000,2020
Ola Aina,3120000,2020
Aleksandar Mitrovic,3120000,2020
Kelechi Iheanacho,3120000,2020
Wes Morgan,3120000,2020
Ben Davies,3120000,2020
Divock Origi,3120000,2020
Konstantinos Tsimikas,3120000,2020
Scott McTominay,3120000,2020
Shane Long,3120000,2020
Nathan Redmond,3120000,2020
Jannik Vestergaard,3120000,2020
Bruno Martins Indi,3120000,2020
Ben Davies,3120000,2020
Danny Rose,3120000,2020
Declan Rice,3120000,2020
Daniel Podence,3120000,2020
Reece James,3016000,2020
Tammy Abraham,3000000,2020
Rodrigo Machado,3000000,2020
Emil Krafth,3000000,2020
Jeffrey Schlupp,2912000,2020
Bjorn Engels,2860000,2020
Ben Mee,2860000,2020
James McArthur,2860000,2020
Luka Milivojevic,2860000,2020
Andros Townsend,2860000,2020
Patrick Van Aanholt,2860000,2020
Nampalys Mendy,2860000,2020
Ibrahima Diallo,2860000,2020
Moussa Djenepo,2860000,2020
Ryan Shawcross,2860000,2020
Kieran Gibbs,2860000,2020
Ruben Loftus-Cheek,2808000,2020
Mohamed Elneny,2730000,2020
Rob Holding,2704000,2020
Edouard Mendy,2704000,2020
Dani Ceballos,2700000,2020
Joe Hart,2700000,2020
Kenny Tete,2650000,2020
Jefferson Lerma,2600000,2020
Calum Chambers,2600000,2020
Gabriel Magalhaes,2600000,2020
Pascal Gross,2600000,2020
Alireza Jahanbakhsh,2600000,2020
Neal Maupay,2600000,2020
Adam Webster,2600000,2020
Danny Welbeck,2600000,2020
James Tarkowski,2600000,2020
Chris Wood,2600000,2020
James McCarthy,2600000,2020
James Tomkins,2600000,2020
Alex Iwobi,2600000,2020
Michael Hector,2600000,2020
Christian Fuchs,2600000,2020
Andrew Robertson,2600000,2020
Adrian San Miguel del Castillo,2600000,2020
Axel Tuanzebe,2600000,2020
Phil Jagielka,2600000,2020
Alex McCarthy,2600000,2020
Joe Allen,2600000,2020
Giannelli Imbula,2600000,2020
Sam Clucas,2600000,2020
Harry Winks,2600000,2020
Tom Cleverley,2600000,2020
Aaron Cresswell,2600000,2020
Mark Noble,2600000,2020
Willy Boly,2600000,2020
Pedro Neto,2600000,2020
Ruben Neves,2600000,2020
Roque Mesa,2548000,2020
Erik Pieters,2500000,2020
Sergio Reguilon,2500000,2020
Jack Stephens,2496000,2020
Federico Fernandez,2459600,2020
Emiliano Martinez,2444000,2020
Robin Koch,2400000,2020
Ferran Torres,2400000,2020
Callum Wilson,2400000,2020
Zack Steffen,2392000,2020
Jake Livermore,2392000,2020
Steve Cook,2340000,2020
Edward Nketiah,2340000,2020
Keinan Davis,2340000,2020
Lewis Dunk,2340000,2020
Jose Izquierdo,2340000,2020
Davy Propper,2340000,2020
Joshua King,2340000,2020
Fabricio Agosto Ramirez,2340000,2020
Marc Albrighton,2340000,2020
Ayoze Perez,2340000,2020
Caglar Soyuncu,2340000,2020
Daniel James,2340000,2020
Matt Ritchie,2340000,2020
Elliot Anderson,2340000,2020
Roberto Pereyra,2340000,2020
Sebastian Prodl,2340000,2020
Jack Butland,2288000,2020
James Ward-Prowse,2253333,2020
Billy Gilmour,2250000,2020
Adama Traore,2236000,2020
Miguel Almiron,2201000,2020
Harry Lewis,2200000,2020
Tom Heaton,2184000,2020
Ryan Fraser,2173600,2020
Raul Jimenez,2144000,2020
Tosin Adarabioyo,2110000,2020
Jeff Hendrick,2100000,2020
Darren Randolph,2100000,2020
Ki-Jana Hoever,2100000,2020
Harry Arter,2080000,2020
William Saliba,2080000,2020
Florin Andone,2080000,2020
Ashley Barnes,2080000,2020
Josh Brownhill,2080000,2020
Kurt Zouma,2080000,2020
Wayne Hennessey,2080000,2020
Tom Cairney,2080000,2020
Dwight Gayle,2080000,2020
Jamaal Lascelles,2080000,2020
Fabian Schar,2080000,2020
Angus Gunn,2080000,2020
Etienne Capoue,2080000,2020
Robert Snodgrass,2080000,2020
Fabian Balbuena,2080000,2020
Ryan Fredericks,2080000,2020
Arthur Masuaku,2080000,2020
Joel Veltman,2000000,2020
Jamal Lewis,2000000,2020
Allan Saint-Maximin,2000000,2020
Branislav Ivanovic,2000000,2020
Jack Cork,1976000,2020
Philippe Sandler,1976000,2020
Martin Dubravka,1976000,2020
Ivan Cavaleiro,1950000,2020
Anthony Knockaert,1950000,2020
Bobby Reid,1950000,2020
Jonny Castro,1907000,2020
Jonny Otto,1907000,2020
Rayan Ait Nouri,1900000,2020
Lewis Cook,1820000,2020
Dan Gosling,1820000,2020
Adam Smith,1820000,2020
Junior Stanislas,1820000,2020
Wesley Moraes,1820000,2020
Matt Targett,1820000,2020
Tariq Lamptey,1820000,2020
Mathew Ryan,1820000,2020
Leandro Trossard,1820000,2020
Robbie Brady,1820000,2020
Nick Pope,1820000,2020
Jay Rodriguez,1820000,2020
Dale Stephens,1820000,2020
Matej Vydra,1820000,2020
Willy Caballero,1820000,2020
Joel Ward,1820000,2020
Marcus Bettinelli,1820000,2020
Steve Mounie,1820000,2020
Patrick Bamford,1820000,2020
Ciaran Clark,1820000,2020
Paul Dummett,1820000,2020
Javier Manquillo,1820000,2020
Henri Saivet,1820000,2020
Nathaniel Chalobah,1820000,2020
Fernando Marcal,1820000,2020
Youri Tielemans,1718000,2020
Douglas Luiz,1709396,2020
Sander Berge,1700000,2020
Mahmoud Hassan,1690000,2020
Marvelous Nakamba,1690000,2020
Jordan Ayew,1690000,2020
Helder Costa,1690000,2020
Sam Johnstone,1690000,2020
Kiko Casilla,1670000,2020
Alfie Mawson,1664000,2020
Ashley Westwood,1612000,2020
Anwar El Ghazi,1610000,2020
Alexis Mac Allister,1600000,2020
Vladimir Coufal,1600000,2020
Lloyd Kelly,1560000,2020
Jack Stacey,1560000,2020
Bukayo Saka,1560000,2020
Solly March,1560000,2020
Johann Berg Gudmundsson,1560000,2020
Alex Smithies,1560000,2020
Eberech Eze,1560000,2020
Joe Bryan,1560000,2020
Joshua Onomah,1560000,2020
Adama Diakhaby,1560000,2020
Alex Pritchard,1560000,2020
Lee Grant,1560000,2020
Christian Atsu,1560000,2020
Sam Byram,1560000,2020
Glenn Murray,1560000,2020
Che Adams,1560000,2020
Ben Foster,1560000,2020
Will Hughes,1560000,2020
Christian Kabasele,1560000,2020
Isaac Success,1560000,2020
Hal Robson-Kanu,1560000,2020
Nathan Ferguson,1500000,2020
Tyrick Mitchell,1500000,2020
Amad Diallo,1500000,2020
David McGoldrick,1500000,2020
Junior Hoilett,1456000,2020
Adam Masina,1456000,2020
Antonee Robinson,1430000,2020
Rhian Brewster,1430000,2020
William Troost-Ekong,1430000,2020
Tim Ream,1404000,2020
Ramadan Sobhi,1404000,2020
John McGinn,1300000,2020
Ahmed Elmohamady,1300000,2020
Jota Peleteiro,1300000,2020
Pontus Jansson,1300000,2020
David Raya,1300000,2020
Yves Bissouma,1300000,2020
Andi Zeqiri,1300000,2020
Phil Bardsley,1300000,2020
Matthew Lowton,1300000,2020
Charlie Taylor,1300000,2020
Sean Morrison,1300000,2020
Josh Murphy,1300000,2020
Isaiah Brown,1300000,2020
Martin Kelly,1300000,2020
Tom Davies,1300000,2020
Mason Holgate,1300000,2020
Elias Kachunga,1300000,2020
Christopher Schindler,1300000,2020
Neco Williams,1300000,2020
Scott Carson,1300000,2020
Karl Darlow,1300000,2020
Jacob Murphy,1300000,2020
Todd Cantwell,1300000,2020
Grant Hanley,1300000,2020
Tim Krul,1300000,2020
Kenny McLean,1300000,2020
Teemu Pukki,1300000,2020
Lys Mousset,1300000,2020
Kamil Grosicki,1300000,2020
Joe Ralls,1275000,2020
Dominic Calvert-Lewin,1248000,2020
Kevin Long,1200000,2020
Mohammed Salisu,1200000,2020
Kyle Walker-Peters,1200000,2020
Japhet Tanganga,1200000,2020
Said Benrahma,1200000,2020
Goncalo Cardoso,1200000,2020
Aaron Connolly,1196000,2020
Florent Hadergjonaj,1196000,2020
Eldin Jakupovic,1196000,2020
Marc Navarro,1196000,2020
Craig Cathcart,1195000,2020
Callum Paterson,1170000,2020
Max Aarons,1170000,2020
Lukas Rupp,1170000,2020
Harry Arter,1160000,2020
Aaron Ramsdale,1155000,2020
Kevin McDonald,1144000,2020
Diego Llorente,1144000,2020
Isaac Hayden,1144000,2020
Romain Saiss,1144000,2020
Terence Kongolo,1140000,2020
Onel Hernandez,1140000,2020
Ivan Toney,1092000,2020
Daniel Amartey,1092000,2020
Grady Diangana,1058200,2020
Kyle Edwards,1058200,2020
David Brooks,1040000,2020
Emile Smith Rowe,1040000,2020
Joe Willock,1040000,2020
Bryan Mbeumo,1040000,2020
Christian Norgaard,1040000,2020
Mathias Jensen,1040000,2020
Chris Lowe,1040000,2020
Adam Forshaw,1040000,2020
Danny Ward,1040000,2020
Oleksandr Zinchenko,1040000,2020
Timm Klose,1040000,2020
Mario Vrancic,1040000,2020
Lyle Taylor,1040000,2020
Oliver McBurnie,1040000,2020
Michael Verrips,1040000,2020
Jan Bednarek,1040000,2020
Kiko Femenia,1040000,2020
Jerome Sinclair,1040000,2020
Matt Phillips,1040000,2020
Joe Bennett,1015000,2020
Neil Etheridge,1015000,2020
Christoph Zimmermann,1010000,2020
Diego Rico,1001000,2020
Robin Olsen,1000000,2020
Wesley Fofana,1000000,2020
Ben Johnson,1000000,2020
Pablo Hernandez,988000,2020
Greg Cunningham,987000,2020
Jack Harrison,975000,2020
Darnell Furlong,962000,2020
Nathaniel Mendez-Laing,961667,2020
Matthew Longstaff,960000,2020
Josh Dasilva,936000,2020
Sam McQueen,936000,2020
Adalberto Penaranda,936000,2020
Marco Stiepermann,910000,2020
Joe Lolley,910000,2020
Jayson Molumby,900000,2020
Brandon Pierrick,900000,2020
Will Smallbone,900000,2020
Juninho Bacuna,884000,2020
James Garner,880000,2020
Joe Gelhardt,858000,2020
Illan Meslier,858000,2020
Jayden Bogle,858000,2020
Semi Ajayi,858000,2020
Conor Coady,858000,2020
Philip Heise,842000,2020
Jason Steele,833333,2020
Dan Burn,832000,2020
Cameron Carter-Vickers,832000,2020
Max Sanders,800000,2020
Caoimhin Kelleher,800000,2020
Philip Billing,780000,2020
Reiss Nelson,780000,2020
Runar Alex Runarsson,780000,2020
Sergi Canos,780000,2020
Ethan Pinnock,780000,2020
Steven Alzate,780000,2020
Jo Gorenc-Stankovic,780000,2020
Ezgjan Alioski,780000,2020
Louis Thompson,780000,2020
Tom Trybull,780000,2020
Scott McKenna,780000,2020
Oliver Norwood,780000,2020
Ken Sema,780000,2020
Max Kilman,780000,2020
Eric Garcia,750000,2020
Stipe Perica,702000,2020
Kyle Bartley,702000,2020
Lee Peltier,702000,2020
Neeskens Kebano,700024,2020
Jack Rodwell,686400,2020
Alexander Tettey,676000,2020
Nathan Tella,650000,2020
Joao Pedro,650000,2020
Romaine Sawyers,650000,2020
Shandon Baptiste,624000,2020
Rico Henry,624000,2020
Michal Karbownik,624000,2020
Harrison Reed,624000,2020
Ben Hamer,624000,2020
Ben Woodburn,624000,2020
Phil Foden,624000,2020
Mortiz Leitner,624000,2020
Billy Sharp,624000,2020
Nuno da Costa,620000,2020
Chris Mepham,607000,2020
Stephen Henderson,600000,2020
Luke Thomas,600000,2020
Mark Gillespie,600000,2020
Michael Obafemi,600000,2020
Jack Robinson,572000,2020
Charly Musonda,550000,2020
Gary Madine,546000,2020
Vitaly Janelt,520000,2020
Jakub Moder,520000,2020
Robert Sanchez,520000,2020
Joao Virginia,520000,2020
Stefan Johansen,520000,2020
Harvey Barnes,520000,2020
Patrick Roberts,520000,2020
Jacob Lungi Sorensen,520000,2020
Jack Colback,520000,2020
Joe Worrall,520000,2020
Jack O'Connell,520000,2020
Josh Tymon,520000,2020
Bailey Peacock-Farrell,500000,2020
Joe Rodon,500000,2020
Conor Gallagher,500000,2020
Francisco Sierralta,494000,2020
Ben Pearson,490000,2020
Chris Basham,487000,2020
Denis Odoi,462800,2020
Ian Poveda,457600,2020
Oliver Burke,457600,2020
Ouasim Bouy,450850,2020
Michael McGovern,442000,2020
James Justin,429000,2020
Halil Dervisoglu,420000,2020
Neil Taylor,416000,2020
Kortney Hause,416000,2020
Ezri Konsa,416000,2020
Jed Steer,416000,2020
Christian Walton,416000,2020
Luke Ayling,416000,2020
Stuart Dallas,416000,2020
Emiliano Buendia,416000,2020
Ben Marshall,416000,2020
John Fleck,416000,2020
Domingos Quina,416000,2020
Vicente Guaita,404000,2020
Mateusz Klich,403000,2020
Kamil Grabara,400000,2020
Jacob Ramsey,390000,2020
Ethan Ampadu,390000,2020
Hamza Choudhury,390000,2020
Curtis Jones,390000,2020
Kieran Dowell,390000,2020
John Egan,390000,2020
Pascal Struijk,371800,2020
Ben White,350000,2020
Jimmy Dunne,350000,2020
Mads Roerslev,346667,2020
Liam Cooper,338000,2020
Przemyslaw Placheta,320000,2020
Will Norris,300000,2020
John Ruddy,300000,2020
Charlie Goode,292500,2020
Loic Mbe Soh,290000,2020
Wes Foderingham,286000,2020
Marcus Forss,260000,2020
Tariqe Fosu,260000,2020
Luka Racic,260000,2020
Dwight McNeil,260000,2020
Jake Clarke-Salter,260000,2020
Adam Idah,260000,2020
Simon Moore,260000,2020
Julien Ngoy,260000,2020
Thibaud Verlinden,260000,2020
Ben Wilmot,260000,2020
Kalvin Phillips,234000,2020
Niels Nkounkou,230000,2020
Marek Rodak,230000,2020
Max Lowe,228800,2020
Mads Bech Sorensen,208000,2020
George Baldock,208000,2020
John Lundstrom,208000,2020
Ben Osborn,208000,2020
Enda Stevens,208000,2020
Alfie Whiteman,200000,2020
Dominic Thompson,182000,2020
Moises Caicedo,182000,2020
Tyler Roberts,182000,2020
Alex Mighten,180000,2020
Ellery Balcombe,170000,2020
Jan Zamburek,161200,2020
Kean Bryan,156000,2020
Daniel Bachmann,156000,2020
Jeremy Ngakia,130000,2020
Bali Mumba,120000,2020
Charlie Cresswell,110000,2020
Yan Valery,104000,2020
Jamie Shackleton,78000,2020
Morgan Gibbs-White,78000,2020
Sam Greenwood,70000,2020
Sean Longstaff,52000,2020
Gavin Kilkenny,40000,2020
Leif Davis,31000,2020
Bertrand Traore,0,2020
Jairo Riedewald,0,2020
Jean-Philippe Mateta,0,2020
Gaetano Berardi,0,2020
Jonny Evans,0,2020
Joel Matip,0,2020
Rhys Williams,0,2020
Odion Ighalo,0,2020
Oriol Romeu,0,2020
Stuart Armstrong,0,2020
Toby Alderweireld,0,2020
Oliver Skipp,0,2020
Jose Moutinho,0,2020
